"Model","slope","slope_err","intercept","intercept_err","r_squared","p_slope","lowerupper","upperbound"
"upper ages",-0.000362827973770084,1.6003336488758e-05,2.76048371367014,0.0730867287872999,0.990366469442294,3.10343474697593e-06,3287.55589413225,6229.271886
"upper ages 2",-9.42471272998752e-05,NA,1.87750916880597,NA,1,NA,1989.55239579094,3287.55589413225
"lower ages 2",-0.000371099121988635,4.70923075106061e-05,2.4283207181185,0.0746254398130663,0.968797938356401,0.0157246633403836,1132.41641445966,1989.55239579094
"lower ages",-0.00122380133209183,NA,3.39393469748539,NA,1,NA,0,1132.41641445966
